순위,블로그,아이디,링크,겹치는키워드수,등장글수,최근글,주당발행,최근발행(일전),겹친키워드
1,짜루의 이것저것 리뷰,skdaksdptn,https://blog.naver.com/skdaksdptn,5,6,20260817,12.5,0,DAC 추천 / 게이밍 헤드셋 / 블루투스 코덱 / 이어폰 리뷰 / 헤드폰 추천
2,헌터뷰의 제품 추천!,hunterview,https://blog.naver.com/hunterview,4,5,20260613,8.2,0,노이즈캔슬링 이어폰 / 블루투스 코덱 / 이어폰 비교 / 이어폰 추천
3,이세의 인공지능,esemoon,https://blog.naver.com/esemoon,4,4,20260711,12.5,10,노이즈캔슬링 이어폰 / 무선이어폰 / 블루투스 코덱 / 이어폰 추천
4,HeadFi Labs,forbetteritlife22,https://blog.naver.com/forbetteritlife22,3,5,20260820,6.0,0,DAC 추천 / 이어폰 리뷰 / 이어폰 추천
5,highandlow007님의블로그,highandlow007,https://blog.naver.com/highandlow007,3,5,20260714,12.5,0,DAC 추천 / 가성비 이어폰 / 블루투스 코덱
6,"그것, IT를 읽다",realdc33,https://blog.naver.com/realdc33,3,4,20260813,12.5,1,가성비 이어폰 / 게이밍 헤드셋 / 블루투스 스피커
7,아이가 다섯,hms080315,https://blog.naver.com/hms080315,3,4,20260527,10.8,0,무선이어폰 / 이어폰 추천 / 헤드폰 추천
8,정오의게임,fje0978bb,https://blog.naver.com/fje0978bb,3,3,20260808,12.5,0,갤럭시 버즈 / 게이밍 헤드셋 / 바이닐 입문
9,아이T히메's IT스토리,albamom17,https://blog.naver.com/albamom17,3,3,20260805,6.5,0,갤럭시 버즈 / 노이즈캔슬링 이어폰 / 바이닐 입문
10,Gwoo’s IT TIME,2gwoo,https://blog.naver.com/2gwoo,3,3,20260722,12.5,0,가성비 이어폰 / 게이밍 헤드셋 / 이어폰 추천
11,고양이집사 리샤's 포스트 IT,dean4001,https://blog.naver.com/dean4001,3,3,20260708,12.5,0,LP 턴테이블 / 무선이어폰 / 포노앰프
12,세상의 모든 것에 순위를 매기다,newkiller33,https://blog.naver.com/newkiller33,3,3,20260610,6.8,0,게이밍 헤드셋 / 무선이어폰 / 헤드폰 추천
13,도레미파파의 왕초보 오디오 지식 강의,zic8384,https://blog.naver.com/zic8384,2,11,20260715,1.2,2,DAC 추천 / 포노앰프
14,빛과 소리의 교향곡(Symphony of Tech),jdpark43,https://blog.naver.com/jdpark43,2,5,20260816,12.5,0,LP 턴테이블 / 포노앰프
15,차밍이와 함께하는 IT 꿀팁 ♡,svke22,https://blog.naver.com/svke22,2,4,20260819,12.5,0,블루투스 코덱 / 이어폰 청소 방법
16,테크월드,ghettokorean,https://blog.naver.com/ghettokorean,2,4,20260728,11.8,0,가성비 이어폰 / 헤드폰 추천
17,YGDD40,jshan2020,https://blog.naver.com/jshan2020,2,4,20260724,12.5,0,무선이어폰 / 이어폰 리뷰
18,2인자의 탐구생활,cheeks00,https://blog.naver.com/cheeks00,2,3,20260801,6.8,0,노이즈캔슬링 이어폰 / 무선이어폰
19,알기쉬운디지털,bluepath,https://blog.naver.com/bluepath,2,3,20260608,12.5,0,게이밍 헤드셋 / 블루투스 스피커
20,::: 제닉스 공식 네이버 블로그 :::,xenicsholic,https://blog.naver.com/xenicsholic,2,3,20260601,12.5,0,게이밍 헤드셋 / 이어폰 비교
21,그리파파의 IT이야기,for306,https://blog.naver.com/for306,2,2,20260813,12.5,1,무선이어폰 / 이어폰 추천
22,F:UM,creativirus,https://blog.naver.com/creativirus,2,2,20260813,12.5,0,LP 턴테이블 / 바이닐 입문
23,Create Your Light & Color,backeclub,https://blog.naver.com/backeclub,2,2,20260807,12.5,0,블루투스 스피커 / 이어폰 비교
24,초보 IT로그,dia_s2,https://blog.naver.com/dia_s2,2,2,20260806,12.5,0,노이즈캔슬링 이어폰 / 무선이어폰
25,"소록살림, 단정한 삶의 기록",serenity087,https://blog.naver.com/serenity087,2,2,20260805,12.5,0,LP 턴테이블 / 바이닐 입문
26,혜진 블로그,dbgpwls1117,https://blog.naver.com/dbgpwls1117,2,2,20260730,,,무선이어폰 / 헤드폰 추천
27,itguide365,itguide365,https://blog.naver.com/itguide365,2,2,20260730,,,DAC 추천 / 블루투스 코덱
28,앤바나,alfson,https://blog.naver.com/alfson,2,2,20260725,,,블루투스 코덱 / 헤드폰 추천
29,클릭하기 좋은 IT,itexpert,https://blog.naver.com/itexpert,2,2,20260722,,,이어폰 청소 방법 / 헤드폰 추천
30,버들붕어 스토리,djusti,https://blog.naver.com/djusti,2,2,20260722,,,게이밍 헤드셋 / 블루투스 코덱
31,IT's 코왕,jwlovesr,https://blog.naver.com/jwlovesr,2,2,20260720,,,가성비 이어폰 / 노이즈캔슬링 이어폰
32,죵이장️,nuunzung2,https://blog.naver.com/nuunzung2,2,2,20260718,,,가성비 이어폰 / 이어폰 추천
33,티슝의 게임연구소,tisueng12,https://blog.naver.com/tisueng12,2,2,20260716,,,가성비 이어폰 / 이어폰 추천
34,우가우가의 일상 한주먹✊️,po99135,https://blog.naver.com/po99135,2,2,20260715,,,가성비 이어폰 / 이어폰 리뷰
35,화려한오감의 블로그,yhr2019622,https://blog.naver.com/yhr2019622,2,2,20260710,,,LP 턴테이블 / 블루투스 스피커
36,꿀템 상자:),alsrb5260,https://blog.naver.com/alsrb5260,2,2,20260708,,,갤럭시 버즈 / 무선이어폰
37,청비대제의 IT휴식처,dbsgns2011,https://blog.naver.com/dbsgns2011,2,2,20260707,,,게이밍 헤드셋 / 노이즈캔슬링 이어폰
38,블로거 아빠는 육아 중,skcsy59,https://blog.naver.com/skcsy59,2,2,20260626,,,LP 턴테이블 / 바이닐 입문
39,부엉이는 세계여행중,buong00,https://blog.naver.com/buong00,2,2,20260620,,,가성비 이어폰 / 무선이어폰
40,육아와 리빙이 공존하는 블로그,joonh98,https://blog.naver.com/joonh98,2,2,20260529,,,이어폰 리뷰 / 이어폰 추천
41,하루준 라이프그라피,irony_june,https://blog.naver.com/irony_june,2,2,20260528,,,갤럭시 버즈 / 이어폰 청소 방법
42,✨소심한 IT 리뷰✨,goalye24,https://blog.naver.com/goalye24,2,2,20260527,,,노이즈캔슬링 이어폰 / 이어폰 비교
43,그남자 원동욱의 IT테크 에세이,sg90929,https://blog.naver.com/sg90929,2,2,20260525,,,게이밍 헤드셋 / 이어폰 비교
44,잇자나 IT잖아,goldgalchi,https://blog.naver.com/goldgalchi,2,2,20260511,,,DAC 추천 / 갤럭시 버즈
45,서로그,chunsam_dsr,https://blog.naver.com/chunsam_dsr,2,2,20260417,,,가성비 이어폰 / 갤럭시 버즈
46,썬길동 트래블로그,ekfgown,https://blog.naver.com/ekfgown,2,2,20260413,,,가성비 이어폰 / 이어폰 청소 방법
47,테크티노의 IT 이야기,01198916129,https://blog.naver.com/01198916129,2,2,20260407,,,이어폰 비교 / 이어폰 청소 방법
48,나의 비행기,fami323,https://blog.naver.com/fami323,2,2,20260307,,,가성비 이어폰 / 이어폰 리뷰
49,똥꼬발랄 견우네집,litty28,https://blog.naver.com/litty28,2,2,20260305,,,에어팟 후기 / 이어폰 비교
50,부산오지상,lovekra88,https://blog.naver.com/lovekra88,2,2,20260223,,,LP 턴테이블 / 바이닐 입문
51,음향기기 전문업체 우림컴퍼니,mj201000,https://blog.naver.com/mj201000,1,11,20260814,,,음향기기
52,우림미디어❤우림디자인,skyqsw,https://blog.naver.com/skyqsw,1,4,20260803,,,음향기기
53,잡잡,fpemf01,https://blog.naver.com/fpemf01,1,3,20260817,,,LP 턴테이블
54,왕별의 비행♩,kingstargirl,https://blog.naver.com/kingstargirl,1,3,20260718,,,노이즈캔슬링 이어폰
55,바람이 분다..,oyabung0612,https://blog.naver.com/oyabung0612,1,3,20260616,,,이어폰 추천
56,IT 여행,powertheone,https://blog.naver.com/powertheone,1,2,20260816,,,게이밍 헤드셋
57,진실여포 노트북,jazzlubu,https://blog.naver.com/jazzlubu,1,2,20260815,,,이어폰 비교
58,nam_HOW,naisteam,https://blog.naver.com/naisteam,1,2,20260811,,,이어폰 청소 방법
59,"김띵크 시선, IT Insight",rlawnstn119,https://blog.naver.com/rlawnstn119,1,2,20260803,,,블루투스 스피커
60,서폰의 게임 공략 블로그,ldena1,https://blog.naver.com/ldena1,1,2,20260709,,,DAC 추천
61,리틀 시즌의 블로그,changjo_0702,https://blog.naver.com/changjo_0702,1,2,20260705,,,갤럭시 버즈
62,♥미쁘라 블로그♥ 당신을 환영해요~,ppraha2,https://blog.naver.com/ppraha2,1,2,20260507,,,DAC 추천
63,맛있는 오디오,canrobot77,https://blog.naver.com/canrobot77,1,2,20260416,,,포노앰프
64,주리오의 IT 이야기,jjang986,https://blog.naver.com/jjang986,1,2,20260328,,,게이밍 헤드셋
65,에릭의 IT스토리,nce0623,https://blog.naver.com/nce0623,1,2,20260319,,,갤럭시 버즈
66,영상음향장비설치 전문업체,rex135790,https://blog.naver.com/rex135790,1,2,20260319,,,음향기기
67,김편의점,kimkwmy,https://blog.naver.com/kimkwmy,1,2,20260309,,,포노앰프
68,줄리아,senalee8,https://blog.naver.com/senalee8,1,1,20260822,,,포노앰프
69,내면의 평화,hsycom1,https://blog.naver.com/hsycom1,1,1,20260820,,,블루투스 코덱
70,재수생 엄마의 철학노트,hohosamchun,https://blog.naver.com/hohosamchun,1,1,20260818,,,바이닐 입문
71,응정이야기,eungjung_,https://blog.naver.com/eungjung_,1,1,20260817,,,가성비 이어폰
72,가성비 연구소,pyk3405,https://blog.naver.com/pyk3405,1,1,20260817,,,이어폰 비교
73,수미조아,tnalalstn,https://blog.naver.com/tnalalstn,1,1,20260817,,,LP 턴테이블
74,테크리 IT 이야기,zerobity,https://blog.naver.com/zerobity,1,1,20260816,,,갤럭시 버즈
75,리또리또리,thfl0201,https://blog.naver.com/thfl0201,1,1,20260815,,,에어팟 후기
76,테크라이더 노트,bsnpkinsg,https://blog.naver.com/bsnpkinsg,1,1,20260814,,,갤럭시 버즈
77,Garlictoast의 해외쇼핑,garlictoast,https://blog.naver.com/garlictoast,1,1,20260814,,,음향기기
78,Ho's Record,buging1210,https://blog.naver.com/buging1210,1,1,20260814,,,블루투스 코덱
79,유준파파의 IT,acejumin1,https://blog.naver.com/acejumin1,1,1,20260813,,,갤럭시 버즈
80,오늘도 오늘을 더 쉽게,easytoday26,https://blog.naver.com/easytoday26,1,1,20260813,,,바이닐 입문
81,잘먹고 잘산다 ♪,starrystarry51,https://blog.naver.com/starrystarry51,1,1,20260812,,,블루투스 스피커
82,베니,irok_hwang,https://blog.naver.com/irok_hwang,1,1,20260812,,,LP 턴테이블
83,"혀니픽 | 혀니의 리얼리뷰 Real Review,Better Choice",hyunnyvox,https://blog.naver.com/hyunnyvox,1,1,20260811,,,이어폰 비교
84,지율이의 작은 부엌,kiyome24,https://blog.naver.com/kiyome24,1,1,20260810,,,헤드폰 추천
85,아토즈의 비욘드 IT,daennis,https://blog.naver.com/daennis,1,1,20260810,,,블루투스 코덱
86,희완민의 일상로그,minjoymylife,https://blog.naver.com/minjoymylife,1,1,20260809,,,에어팟 후기
87,허희윤,dseebqp,https://blog.naver.com/dseebqp,1,1,20260809,,,바이닐 입문
88,건강바이블,kdh6978,https://blog.naver.com/kdh6978,1,1,20260808,,,노이즈캔슬링 이어폰
89,살림하는훈동이,picknam,https://blog.naver.com/picknam,1,1,20260808,,,블루투스 스피커
90,아라,s87boyo,https://blog.naver.com/s87boyo,1,1,20260808,,,LP 턴테이블
91,세로보는 IT,hotcorea,https://blog.naver.com/hotcorea,1,1,20260807,,,이어폰 추천
92,40대 아재의 잊지말자 내돈내산,khk123_123,https://blog.naver.com/khk123_123,1,1,20260807,,,에어팟 후기
93,eunoia + wanderlust I 엔프제의 일상,xeelyu,https://blog.naver.com/xeelyu,1,1,20260807,,,에어팟 후기
94,Garden's,iamgardenia,https://blog.naver.com/iamgardenia,1,1,20260807,,,이어폰 리뷰
95,선덕의 일상,sunduck13,https://blog.naver.com/sunduck13,1,1,20260807,,,이어폰 리뷰
96,MING's diary,yeriel1215,https://blog.naver.com/yeriel1215,1,1,20260807,,,이어폰 리뷰
97,뱀프의 잇(it) 정보,sdo2278,https://blog.naver.com/sdo2278,1,1,20260807,,,이어폰 비교
98,"건강관리사 엄마의, 육아테라피",rjinaa3,https://blog.naver.com/rjinaa3,1,1,20260806,,,무선이어폰
99,세똥이 하고 싶은거 다해,kidori05,https://blog.naver.com/kidori05,1,1,20260806,,,헤드폰 추천
100,포르투갈 달빛,ilyf00,https://blog.naver.com/ilyf00,1,1,20260806,,,에어팟 후기
101,My Life For Others,kunwoojun,https://blog.naver.com/kunwoojun,1,1,20260806,,,이어폰 리뷰
102,꾱꾱로그,that1219,https://blog.naver.com/that1219,1,1,20260806,,,이어폰 비교
103,도소네 하루하루,jeong_hy,https://blog.naver.com/jeong_hy,1,1,20260806,,,LP 턴테이블
104,라스카도르 (Rascador),boxriot1,https://blog.naver.com/boxriot1,1,1,20260805,,,헤드폰 추천
105,달빛다현님의 블로그,lakeljj,https://blog.naver.com/lakeljj,1,1,20260804,,,이어폰 청소 방법
106,스트로우베리,wjdtkdwjd65547,https://blog.naver.com/wjdtkdwjd65547,1,1,20260803,,,이어폰 추천
107,어딧니리모컨의 소소한 기록,goodperson2,https://blog.naver.com/goodperson2,1,1,20260803,,,갤럭시 버즈
108,용두의 소소한 아지트,shhj46,https://blog.naver.com/shhj46,1,1,20260803,,,이어폰 리뷰
109,mbk,mb_bm1001,https://blog.naver.com/mb_bm1001,1,1,20260803,,,이어폰 리뷰
110,문화관광뉴스,ctnewsone,https://blog.naver.com/ctnewsone,1,1,20260803,,,음향기기
111,ㅇㅇ,abdd1257,https://blog.naver.com/abdd1257,1,1,20260802,,,음향기기
112,또롬,kkamsun8573,https://blog.naver.com/kkamsun8573,1,1,20260801,,,이어폰 추천
113,"서른 신혼부부, 오늘도 직진",jy64022,https://blog.naver.com/jy64022,1,1,20260801,,,블루투스 스피커
114,"노래방, 음향기기의 모든것!!",gino4585,https://blog.naver.com/gino4585,1,1,20260731,,,음향기기
115,베리의 패션&뷰티,endless13,https://blog.naver.com/endless13,1,1,20260730,,,헤드폰 추천
116,느 집엔 이거 없지?,oodeedoo,https://blog.naver.com/oodeedoo,1,1,20260730,,,이어폰 비교
117,오늘은 어떤일이 생길까 ?,enjoy_0428,https://blog.naver.com/enjoy_0428,1,1,20260729,,,헤드폰 추천
118,나의 힘이 되시네.,deppg,https://blog.naver.com/deppg,1,1,20260729,,,블루투스 스피커
119,쏘블리의 일상기록,aodrmwktlr,https://blog.naver.com/aodrmwktlr,1,1,20260729,,,이어폰 리뷰
120,ᴱᵛᴵᴴᶜᴿᴬ,hyperealism,https://blog.naver.com/hyperealism,1,1,20260728,,,에어팟 후기
121,순담작가의 사진 그리고 IT,dduksaboo,https://blog.naver.com/dduksaboo,1,1,20260727,,,헤드폰 추천
122,잘먹고 잘살고 싶은 블로거,177166,https://blog.naver.com/177166,1,1,20260727,,,블루투스 스피커
123,쫌쫌따리 재테크 일기,quasweet,https://blog.naver.com/quasweet,1,1,20260727,,,이어폰 비교
124,monde de la mode 몽데라모드,oolool_,https://blog.naver.com/oolool_,1,1,20260725,,,헤드폰 추천
125,✨WHATEVER I WANT✨,myalswjd00,https://blog.naver.com/myalswjd00,1,1,20260725,,,헤드폰 추천
126,현우 마음대로,mooguess,https://blog.naver.com/mooguess,1,1,20260725,,,블루투스 스피커
127,강유설,hcvpyjtwk,https://blog.naver.com/hcvpyjtwk,1,1,20260724,,,노이즈캔슬링 이어폰
128,채성주,eyxyjwqts,https://blog.naver.com/eyxyjwqts,1,1,20260724,,,노이즈캔슬링 이어폰
129,오늘의 내가 내일의 너에게,pinkhippo67,https://blog.naver.com/pinkhippo67,1,1,20260724,,,에어팟 후기
130,작은 왕국의 일기,jju_eni,https://blog.naver.com/jju_eni,1,1,20260724,,,에어팟 후기
131,루밍의 스몰여행,qkslffk20,https://blog.naver.com/qkslffk20,1,1,20260724,,,이어폰 비교
132,유수린,r8denwar,https://blog.naver.com/r8denwar,1,1,20260724,,,LP 턴테이블
133,쭈노짱™ 삶의 기록,e20ju,https://blog.naver.com/e20ju,1,1,20260723,,,무선이어폰
134,메피의 알기 쉬운 IT 꿀팁,saporo2373,https://blog.naver.com/saporo2373,1,1,20260723,,,노이즈캔슬링 이어폰
135,kyeom’s happy day,tmdal258,https://blog.naver.com/tmdal258,1,1,20260723,,,노이즈캔슬링 이어폰
136,moo...,moongteagray,https://blog.naver.com/moongteagray,1,1,20260723,,,에어팟 후기
137,안양사는 유디트의 성장일기,staypositive_haley,https://blog.naver.com/staypositive_haley,1,1,20260723,,,에어팟 후기
138,찬동사니,chanchanseo1121,https://blog.naver.com/chanchanseo1121,1,1,20260722,,,에어팟 후기
139,"테크처방전 (고장은 고치고, 지갑은 지키고)",vidsavepro,https://blog.naver.com/vidsavepro,1,1,20260722,,,이어폰 청소 방법
140,취미부부의 IT 놀이터,wonjumin80,https://blog.naver.com/wonjumin80,1,1,20260721,,,무선이어폰
141,조이예니의 취향퍼즐,sanare915,https://blog.naver.com/sanare915,1,1,20260721,,,에어팟 후기
142,⋆˚.•✩‧₊⋆lumiere,kyeahy12,https://blog.naver.com/kyeahy12,1,1,20260721,,,에어팟 후기
143,하늘을 사랑하는 하랑 이야기,thddltmf908,https://blog.naver.com/thddltmf908,1,1,20260720,,,갤럭시 버즈
144,슈퍼 스마트 리뷰,lth77cm,https://blog.naver.com/lth77cm,1,1,20260720,,,가성비 이어폰
145,달리 아빠 시니어 생활경제 연구소,miracledeepnsoft,https://blog.naver.com/miracledeepnsoft,1,1,20260720,,,이어폰 청소 방법
146,Solas’ life,chooyj86,https://blog.naver.com/chooyj86,1,1,20260720,,,이어폰 청소 방법
147,; 윤슬의 기록 ;,ygkim103,https://blog.naver.com/ygkim103,1,1,20260719,,,이어폰 추천
148,관리하는 설아,veteranfit,https://blog.naver.com/veteranfit,1,1,20260718,,,이어폰 추천
149,"얌이의 딩가딩가, 얌딩",hayummy1205,https://blog.naver.com/hayummy1205,1,1,20260718,,,무선이어폰
150,하늘지기 베가스 영상 공방(工房 ),7andsoul,https://blog.naver.com/7andsoul,1,1,20260718,,,노이즈캔슬링 이어폰
151,생활정보Lab,violet0080,https://blog.naver.com/violet0080,1,1,20260718,,,이어폰 청소 방법
152,any_kcm,anykcmblog,https://blog.naver.com/anykcmblog,1,1,20260716,,,음향기기
153,솔직담백 리빙 치트키,ssu514,https://blog.naver.com/ssu514,1,1,20260714,,,블루투스 스피커
154,사랑을 담아,dionpyn,https://blog.naver.com/dionpyn,1,1,20260713,,,이어폰 추천
155,종로 세운상가 아저씨,kmshop80,https://blog.naver.com/kmshop80,1,1,20260713,,,블루투스 스피커
156,꾸염이파이팅,doniminiblog,https://blog.naver.com/doniminiblog,1,1,20260713,,,에어팟 후기
157,다원이 기록,dawon_i,https://blog.naver.com/dawon_i,1,1,20260713,,,음향기기
158,오렌지로그,mikangtaro,https://blog.naver.com/mikangtaro,1,1,20260713,,,바이닐 입문
159,고졸백수탈출기,smc5881,https://blog.naver.com/smc5881,1,1,20260713,,,바이닐 입문
160,Kim쪼꼬님의 블로그,zingga9,https://blog.naver.com/zingga9,1,1,20260712,,,LP 턴테이블
161,지아어멍의 장바구니,boraelice,https://blog.naver.com/boraelice,1,1,20260711,,,이어폰 추천
162,시실리 책방,gina_booklover,https://blog.naver.com/gina_booklover,1,1,20260711,,,노이즈캔슬링 이어폰
163,행복한 일상 기록하기 :),sg_gwak,https://blog.naver.com/sg_gwak,1,1,20260711,,,에어팟 후기
164,류리의 IT 테크룸,ryurime88,https://blog.naver.com/ryurime88,1,1,20260711,,,블루투스 코덱
165,hermosa,lee6584_,https://blog.naver.com/lee6584_,1,1,20260711,,,바이닐 입문
166,아르떼아모 Arteamo,9090ert,https://blog.naver.com/9090ert,1,1,20260710,,,갤럭시 버즈
167,바이트스푼,annekarsel,https://blog.naver.com/annekarsel,1,1,20260710,,,갤럭시 버즈
168,난아의세계,song_e89,https://blog.naver.com/song_e89,1,1,20260710,,,이어폰 비교
169,라이프머니트립,cd5168,https://blog.naver.com/cd5168,1,1,20260710,,,이어폰 청소 방법
170,KDT의 it 복구 이야기,kang1004221,https://blog.naver.com/kang1004221,1,1,20260710,,,블루투스 코덱
171,방탈출보드일기,ideaswim91,https://blog.naver.com/ideaswim91,1,1,20260710,,,LP 턴테이블
172,carpe diem,skwjd21,https://blog.naver.com/skwjd21,1,1,20260710,,,LP 턴테이블
173,영어뉴스와 미드영어,babydreamer5,https://blog.naver.com/babydreamer5,1,1,20260709,,,이어폰 추천
174,아줌마의 생활 정보,gmpday2024,https://blog.naver.com/gmpday2024,1,1,20260709,,,무선이어폰
175,언박싱은 재밌어,gondu11,https://blog.naver.com/gondu11,1,1,20260709,,,게이밍 헤드셋
176,그레이의 멀티버스랩,ssagka,https://blog.naver.com/ssagka,1,1,20260709,,,이어폰 청소 방법
177,척척공간,chikiho4885,https://blog.naver.com/chikiho4885,1,1,20260708,,,블루투스 스피커
178,카이의 IT실험실,messyen,https://blog.naver.com/messyen,1,1,20260708,,,블루투스 코덱
179,데일리 인사이트 창고,fish1106,https://blog.naver.com/fish1106,1,1,20260708,,,바이닐 입문
180,로그아웃 없는 일상기록,goeunmi8832,https://blog.naver.com/goeunmi8832,1,1,20260707,,,블루투스 스피커
181,땀지의 주래블,beginrightnow,https://blog.naver.com/beginrightnow,1,1,20260707,,,에어팟 후기
182,책근육,hai0416,https://blog.naver.com/hai0416,1,1,20260707,,,음향기기
183,˙ᵕ˙ 幸幸福福,mxxnmxx,https://blog.naver.com/mxxnmxx,1,1,20260706,,,이어폰 추천
184,쏘니제이의 일상,sonny_j,https://blog.naver.com/sonny_j,1,1,20260706,,,헤드폰 추천
185,남기고싶은 나의 것들,1suhyeon,https://blog.naver.com/1suhyeon,1,1,20260705,,,헤드폰 추천
186,정쿡 개발자,felix_203,https://blog.naver.com/felix_203,1,1,20260705,,,에어팟 후기
187,철없는 아내의 철들기 프로젝트,sosimjang35,https://blog.naver.com/sosimjang35,1,1,20260705,,,LP 턴테이블
188,내가 나에게,wakeup_log,https://blog.naver.com/wakeup_log,1,1,20260703,,,무선이어폰
189,⋆⁺₊⋆ 뇽뇽 ⋆⁺₊⋆,ohyyy0722,https://blog.naver.com/ohyyy0722,1,1,20260703,,,블루투스 스피커
190,디앤아이놀이터 IT 상품리뷰 & 맛집탐방,go9ma81,https://blog.naver.com/go9ma81,1,1,20260703,,,이어폰 리뷰
191,소소한 남매 라이프 Aal izz well~♬,acasia119,https://blog.naver.com/acasia119,1,1,20260703,,,이어폰 리뷰
192,십구곰,ko2057,https://blog.naver.com/ko2057,1,1,20260703,,,이어폰 청소 방법
193,gkswptj23749님의 블로그,gkswptj23749,https://blog.naver.com/gkswptj23749,1,1,20260702,,,노이즈캔슬링 이어폰
194,s9rbysyxm님의 블로그,s9rbysyxm,https://blog.naver.com/s9rbysyxm,1,1,20260702,,,블루투스 스피커
195,Groove Vinyl Archive,groovedeeper,https://blog.naver.com/groovedeeper,1,1,20260702,,,LP 턴테이블
196,mypace0527님의 블로그,mypace0527,https://blog.naver.com/mypace0527,1,1,20260701,,,노이즈캔슬링 이어폰
197,BONG LIFE 일상블로그,bong1670,https://blog.naver.com/bong1670,1,1,20260630,,,이어폰 리뷰
198,퇴근후골린이,kbootuyi,https://blog.naver.com/kbootuyi,1,1,20260630,,,이어폰 비교
199,가온의 뷰티&여행 이야기,bin8523,https://blog.naver.com/bin8523,1,1,20260630,,,이어폰 비교
200,"어서오세요, 기억의 숲으로",krrkrr123,https://blog.naver.com/krrkrr123,1,1,20260629,,,무선이어폰
201,공감 디자인 인테리어,kkey1314,https://blog.naver.com/kkey1314,1,1,20260629,,,음향기기
202,테동인의 TENNIS BLOG,yihy131,https://blog.naver.com/yihy131,1,1,20260629,,,가성비 이어폰
203,No Pain No Gain,flatron2000,https://blog.naver.com/flatron2000,1,1,20260629,,,블루투스 코덱
204,힝구의 기록 서랍,nj0808,https://blog.naver.com/nj0808,1,1,20260628,,,이어폰 추천
205,게임 잘 알려주는 껑이네,kwonjae27,https://blog.naver.com/kwonjae27,1,1,20260628,,,게이밍 헤드셋
206,1g의 실행력,nirex,https://blog.naver.com/nirex,1,1,20260628,,,가성비 이어폰
207,하늘이랑,moonija,https://blog.naver.com/moonija,1,1,20260628,,,블루투스 코덱
208,일상다반사,flyann00,https://blog.naver.com/flyann00,1,1,20260627,,,이어폰 리뷰
209,T 부부의 시트콤같은 일상,extj_couple,https://blog.naver.com/extj_couple,1,1,20260626,,,무선이어폰
210,"공주살이 시리, 오늘도 시리롭게",lovegustlf54,https://blog.naver.com/lovegustlf54,1,1,20260626,,,노이즈캔슬링 이어폰
211,maedoong artwork design,mae_ma_made,https://blog.naver.com/mae_ma_made,1,1,20260626,,,블루투스 스피커
212,벨롬 / IT TECH,huenga,https://blog.naver.com/huenga,1,1,20260625,,,무선이어폰
213,뱅스의 남다른 라이프,verymore9986,https://blog.naver.com/verymore9986,1,1,20260624,,,이어폰 추천
214,오늘도 조잘조잘,wownamai,https://blog.naver.com/wownamai,1,1,20260624,,,가성비 이어폰
215,cyoz 테크스냅 (카메라·IT 리뷰),lskimch,https://blog.naver.com/lskimch,1,1,20260624,,,가성비 이어폰
216,생활의 지혜를 해독하다.,lifedecoder6130,https://blog.naver.com/lifedecoder6130,1,1,20260624,,,이어폰 청소 방법
217,순두부언니,ggswiri,https://blog.naver.com/ggswiri,1,1,20260623,,,무선이어폰
218,스마트 홈로그(Smart homelog),sunny_lecture,https://blog.naver.com/sunny_lecture,1,1,20260623,,,노이즈캔슬링 이어폰
219,애개육아 워킹맘의 blog,kimnana729,https://blog.naver.com/kimnana729,1,1,20260623,,,노이즈캔슬링 이어폰
220,LDH의 사적인 공간,slayers85,https://blog.naver.com/slayers85,1,1,20260623,,,블루투스 코덱
221,SIMPLE IS BEST,djmanul,https://blog.naver.com/djmanul,1,1,20260623,,,바이닐 입문
222,섭이의블로그입니다^^,ds2npi,https://blog.naver.com/ds2npi,1,1,20260622,,,포노앰프
223,토곰이네 라이프,dbanddl12,https://blog.naver.com/dbanddl12,1,1,20260621,,,에어팟 후기
224,부산사람 물더기의 하루들,mooldeok,https://blog.naver.com/mooldeok,1,1,20260621,,,이어폰 비교
225,주나의 모든 정리,junaarcade,https://blog.naver.com/junaarcade,1,1,20260620,,,갤럭시 버즈
226,꿈속에서도 게임을!!,hyjueng,https://blog.naver.com/hyjueng,1,1,20260620,,,게이밍 헤드셋
227,유니버스 디지털 드라이브,nana1004kim,https://blog.naver.com/nana1004kim,1,1,20260619,,,가성비 이어폰
228,생각·일상·공부 기록,i0865,https://blog.naver.com/i0865,1,1,20260619,,,블루투스 코덱
229,그래..내일은 내일의 태양이 뜰꺼야~,zhzl71,https://blog.naver.com/zhzl71,1,1,20260619,,,바이닐 입문
230,오디오 전문점 반 월 음 향 입니다.,banwolaudio,https://blog.naver.com/banwolaudio,1,1,20260619,,,포노앰프
231,"50대 러너 이야기 - 러닝, 재테크, IT, 자격증",debolm74,https://blog.naver.com/debolm74,1,1,20260618,,,이어폰 리뷰
232,하봉이의 IT이야기,gkqhddl1,https://blog.naver.com/gkqhddl1,1,1,20260618,,,게이밍 헤드셋
233,지지의 맛있는 일상과 리뷰 공간,eunvy0122,https://blog.naver.com/eunvy0122,1,1,20260617,,,노이즈캔슬링 이어폰
234,5neunim님의 블로그,5neunim,https://blog.naver.com/5neunim,1,1,20260617,,,블루투스 코덱
235,"취향 담아, 나다운 것",mmummun,https://blog.naver.com/mmummun,1,1,20260616,,,헤드폰 추천
236,만화 그리는 현서쓰고그리다,wirteanddraw_hyunseo,https://blog.naver.com/wirteanddraw_hyunseo,1,1,20260614,,,이어폰 추천
237,한번빠져봐,josmin777,https://blog.naver.com/josmin777,1,1,20260614,,,노이즈캔슬링 이어폰
238,포토그래퍼 신남의 IT 세상,sinnam88,https://blog.naver.com/sinnam88,1,1,20260614,,,블루투스 스피커
239,프랭키의 Happy Life,juneyoup1,https://blog.naver.com/juneyoup1,1,1,20260614,,,블루투스 코덱
240,스페셜의 몽환의 숲,lovekyy1201,https://blog.naver.com/lovekyy1201,1,1,20260613,,,LP 턴테이블
241,daily beauty • jewelry,ekqhd5992,https://blog.naver.com/ekqhd5992,1,1,20260612,,,에어팟 후기
242,Cell & Sell,whgusgh03124,https://blog.naver.com/whgusgh03124,1,1,20260612,,,갤럭시 버즈
243,날만난건너의행운이야,neome486,https://blog.naver.com/neome486,1,1,20260612,,,이어폰 비교
244,대한음향,dhsk1005,https://blog.naver.com/dhsk1005,1,1,20260612,,,포노앰프
245,뉴니의 스윗홈,ararar0625,https://blog.naver.com/ararar0625,1,1,20260611,,,갤럭시 버즈
246,"슬로우 뷰티, 쏭‘s 로그",aaabbc91,https://blog.naver.com/aaabbc91,1,1,20260611,,,이어폰 리뷰
247,빵하로그,hge319,https://blog.naver.com/hge319,1,1,20260611,,,이어폰 비교
248,• . ݁₊ ⊹ . ʚ♡ɞ . ⊹ ₊ ݁. •,yj13568,https://blog.naver.com/yj13568,1,1,20260611,,,바이닐 입문
249,티문,yungwook2,https://blog.naver.com/yungwook2,1,1,20260610,,,이어폰 추천
250,나의 위시리스트,aftergolf,https://blog.naver.com/aftergolf,1,1,20260610,,,음향기기
251,watetman_nt님의블로그,watetman_nt,https://blog.naver.com/watetman_nt,1,1,20260610,,,이어폰 청소 방법
252,¡ Feliz !,snuzlo,https://blog.naver.com/snuzlo,1,1,20260609,,,이어폰 리뷰
253,Aztec Dream http://lus2000kr.blog.me,lus2000kr,https://blog.naver.com/lus2000kr,1,1,20260608,,,이어폰 청소 방법
254,보컬훈련소 / Vocal Training Details,vdsl_modem,https://blog.naver.com/vdsl_modem,1,1,20260607,,,에어팟 후기
255,로그블,sooy110,https://blog.naver.com/sooy110,1,1,20260607,,,이어폰 리뷰
256,생활 정보 꿀팁,nagaja3,https://blog.naver.com/nagaja3,1,1,20260607,,,이어폰 청소 방법
257,"먹고, 또 먹고",sofar2020,https://blog.naver.com/sofar2020,1,1,20260606,,,이어폰 리뷰
258,육대디,hjj7749,https://blog.naver.com/hjj7749,1,1,20260605,,,블루투스 스피커
259,발걸음이 기억을 만든다,makecreative,https://blog.naver.com/makecreative,1,1,20260604,,,노이즈캔슬링 이어폰
260,"털 따라, 옷 따라, 맛 따라,",nsunha,https://blog.naver.com/nsunha,1,1,20260604,,,에어팟 후기
261,BIA,ssarubi,https://blog.naver.com/ssarubi,1,1,20260604,,,바이닐 입문
262,fosj-8bdmlzf7wq님의 블로그,fosj-8bdmlzf7wq,https://blog.naver.com/fosj-8bdmlzf7wq,1,1,20260603,,,DAC 추천
263,함께 소통하는 여행자,kjins0909,https://blog.naver.com/kjins0909,1,1,20260603,,,음향기기
264,슈마여행의 재밌는 IT,airbag1,https://blog.naver.com/airbag1,1,1,20260603,,,가성비 이어폰
265,제스퍼의 IT 공작소,jasper_world,https://blog.naver.com/jasper_world,1,1,20260601,,,가성비 이어폰
266,오늘도 쓰담쓰다,noel_line,https://blog.naver.com/noel_line,1,1,20260601,,,LP 턴테이블
267,터벅터벅 나의 일상,luck_yo_on,https://blog.naver.com/luck_yo_on,1,1,20260531,,,이어폰 비교
268,윰언니의 아주 보통의 하루,kym990921k,https://blog.naver.com/kym990921k,1,1,20260531,,,LP 턴테이블
269,"Hey, Carpe diem!",hury99,https://blog.naver.com/hury99,1,1,20260530,,,가성비 이어폰
270,리뷰영이,aon1225,https://blog.naver.com/aon1225,1,1,20260530,,,LP 턴테이블
271,WITH MY JINYOUNG,s0na324,https://blog.naver.com/s0na324,1,1,20260529,,,이어폰 추천
272,와싸다닷컴(av&people),wassadacom,https://blog.naver.com/wassadacom,1,1,20260529,,,헤드폰 추천
273,술람미의 삶이 주는 선물,ddawndew,https://blog.naver.com/ddawndew,1,1,20260528,,,블루투스 스피커
274,덕스의 IT덕질,gotpdud09,https://blog.naver.com/gotpdud09,1,1,20260527,,,게이밍 헤드셋
275,Fastlane,shfurgus,https://blog.naver.com/shfurgus,1,1,20260527,,,이어폰 비교
276,퇴직금으로 여행하는 심플수트,juho524,https://blog.naver.com/juho524,1,1,20260526,,,이어폰 비교
277,러브토끼♡,tntn0819,https://blog.naver.com/tntn0819,1,1,20260525,,,블루투스 코덱
278,YashicaKid's Analogue SPACE,yashicakid,https://blog.naver.com/yashicakid,1,1,20260525,,,포노앰프
279,운동할 때도 패션 못 잃지,hhyejjin0810,https://blog.naver.com/hhyejjin0810,1,1,20260524,,,이어폰 추천
280,은하계쓰 지구별여행,junmega,https://blog.naver.com/junmega,1,1,20260524,,,노이즈캔슬링 이어폰
281,습우아,runer2019,https://blog.naver.com/runer2019,1,1,20260524,,,이어폰 리뷰
282,IT 제품 전문 리뷰어,gkgkgksms159,https://blog.naver.com/gkgkgksms159,1,1,20260515,,,헤드폰 추천
283,오늘의연두 일상에 투자를더하다,icanhjk,https://blog.naver.com/icanhjk,1,1,20260513,,,갤럭시 버즈
284,집요정의 바깥견문록,keira000,https://blog.naver.com/keira000,1,1,20260511,,,블루투스 스피커
285,ᰔ뽀욤 뷰티ᰔ,qhfka614,https://blog.naver.com/qhfka614,1,1,20260509,,,가성비 이어폰
286,엘대디의 블로그,apple7078610,https://blog.naver.com/apple7078610,1,1,20260507,,,가성비 이어폰
287,영원한도시 블로그,kkodug9,https://blog.naver.com/kkodug9,1,1,20260506,,,게이밍 헤드셋
288,제이메르의 게임 이야기,zeimer,https://blog.naver.com/zeimer,1,1,20260505,,,무선이어폰
289,모든 IT ( 부제: IT 쉽다쉬워 ),fabrelee12,https://blog.naver.com/fabrelee12,1,1,20260504,,,블루투스 스피커
290,베리해피한 이야기,queen0326,https://blog.naver.com/queen0326,1,1,20260502,,,노이즈캔슬링 이어폰
291,진소리블로G;-),jinh0409,https://blog.naver.com/jinh0409,1,1,20260502,,,에어팟 후기
292,일상의 즐거움,jongeoni,https://blog.naver.com/jongeoni,1,1,20260428,,,포노앰프
293,재아와 세상 사이의 이야기,loveloveinme,https://blog.naver.com/loveloveinme,1,1,20260427,,,무선이어폰
294,치즈별빛노트,cheezes2s2,https://blog.naver.com/cheezes2s2,1,1,20260427,,,갤럭시 버즈
295,지구부터 우주까지 여행할래,u_echei,https://blog.naver.com/u_echei,1,1,20260427,,,가성비 이어폰
296,희미한 연필 자국,qweasd833,https://blog.naver.com/qweasd833,1,1,20260423,,,갤럭시 버즈
297,슬기좋은세상,dodo_ma,https://blog.naver.com/dodo_ma,1,1,20260422,,,바이닐 입문
298,생각에 대한 생각,qudghk0378,https://blog.naver.com/qudghk0378,1,1,20260421,,,무선이어폰
299,온무드 정현티처의 이모저모,alloinghair,https://blog.naver.com/alloinghair,1,1,20260420,,,에어팟 후기
300,nstart 지식,nstartkkh,https://blog.naver.com/nstartkkh,1,1,20260420,,,DAC 추천
301,마롱의 장비탐험,mar0n9,https://blog.naver.com/mar0n9,1,1,20260419,,,이어폰 리뷰
302,신선과일의 Re Runing!,slayerib,https://blog.naver.com/slayerib,1,1,20260419,,,가성비 이어폰
303,낭만팩토리,youngdavid,https://blog.naver.com/youngdavid,1,1,20260418,,,블루투스 스피커
304,오디오아트,audioart21,https://blog.naver.com/audioart21,1,1,20260418,,,포노앰프
305,낳씨의 하루,myownblogg,https://blog.naver.com/myownblogg,1,1,20260417,,,LP 턴테이블
306,삼성전자서비스 블로그,samsung_cs,https://blog.naver.com/samsung_cs,1,1,20260416,,,갤럭시 버즈
307,햇살이 가득한 규니으니 하우스,gyeowoori,https://blog.naver.com/gyeowoori,1,1,20260415,,,이어폰 추천
308,웨딩삼치 일상부터 결혼까지,rnjswltn576,https://blog.naver.com/rnjswltn576,1,1,20260415,,,이어폰 비교
309,hodu_mandu님의 블로그,hodu_mandu,https://blog.naver.com/hodu_mandu,1,1,20260413,,,헤드폰 추천
310,pantera260302님의 블로그,pantera260302,https://blog.naver.com/pantera260302,1,1,20260413,,,갤럭시 버즈
311,사운드캣 공식 블로그,sound8949,https://blog.naver.com/sound8949,1,1,20260413,,,DAC 추천
312,모기하루 (Mok's Daily Life),hobakwave,https://blog.naver.com/hobakwave,1,1,20260413,,,음향기기
313,DEZ IT Lab,here_i,https://blog.naver.com/here_i,1,1,20260409,,,헤드폰 추천
314,나야나 블로그,a909020,https://blog.naver.com/a909020,1,1,20260409,,,음향기기
315,이씨야 공간탐구,leesiya49,https://blog.naver.com/leesiya49,1,1,20260409,,,가성비 이어폰
316,그니의블로그,asdlkj0022,https://blog.naver.com/asdlkj0022,1,1,20260408,,,갤럭시 버즈
317,블루알파의 스마트리뷰,rde0409,https://blog.naver.com/rde0409,1,1,20260404,,,갤럭시 버즈
318,키파 IT 노트,raon375,https://blog.naver.com/raon375,1,1,20260403,,,이어폰 비교
319,무스미엘,reser45,https://blog.naver.com/reser45,1,1,20260402,,,헤드폰 추천
320,현생아 너 잠깐 나가있어,jjekjjek98,https://blog.naver.com/jjekjjek98,1,1,20260401,,,에어팟 후기
321,보통의 남편,leesorry12,https://blog.naver.com/leesorry12,1,1,20260331,,,무선이어폰
322,날라리엄마의 365일,hyein1229,https://blog.naver.com/hyein1229,1,1,20260331,,,헤드폰 추천
323,₊·*◟(⌯ˇ- ˇ⌯)◜‧*・✿,din_du_,https://blog.naver.com/din_du_,1,1,20260331,,,에어팟 후기
324,슈슈의 육아•여행리뷰,lssy7084,https://blog.naver.com/lssy7084,1,1,20260330,,,블루투스 스피커
325,열심히 사는 히소성,paraffinum,https://blog.naver.com/paraffinum,1,1,20260330,,,갤럭시 버즈
326,일상과리뷰,reviewhamnida,https://blog.naver.com/reviewhamnida,1,1,20260330,,,이어폰 청소 방법
327,Yeonlog •• ♡,youn-i,https://blog.naver.com/youn-i,1,1,20260329,,,블루투스 스피커
328,Good LIfe,wjd2536,https://blog.naver.com/wjd2536,1,1,20260329,,,블루투스 코덱
329,데이스토리의 테크를 이야기하다,zestgo,https://blog.naver.com/zestgo,1,1,20260328,,,게이밍 헤드셋
330,날마다 좋은날,caroll4574,https://blog.naver.com/caroll4574,1,1,20260327,,,LP 턴테이블
331,moum.zip,raon901,https://blog.naver.com/raon901,1,1,20260326,,,헤드폰 추천
332,워킹맘 므다이야기,s22222222,https://blog.naver.com/s22222222,1,1,20260326,,,에어팟 후기
333,코예커플 IT,aiwositai,https://blog.naver.com/aiwositai,1,1,20260324,,,헤드폰 추천
334,세수하면이병헌 IT/자동차,supapa13,https://blog.naver.com/supapa13,1,1,20260324,,,블루투스 스피커
335,게임앤리뷰,ideungam,https://blog.naver.com/ideungam,1,1,20260324,,,이어폰 리뷰
336,트리피의 Trip to everything,tripee,https://blog.naver.com/tripee,1,1,20260323,,,무선이어폰
337,렌느제이&가온맘,gaonmom0909,https://blog.naver.com/gaonmom0909,1,1,20260323,,,가성비 이어폰
338,이쁜이기린의 이거저거 잘아는척,gpicture,https://blog.naver.com/gpicture,1,1,20260322,,,게이밍 헤드셋
339,같지만 다른 날들,dreaming_m_,https://blog.naver.com/dreaming_m_,1,1,20260320,,,가성비 이어폰
340,⛳️공때녀⛳️골프공 때리는 그녀,sy0101a,https://blog.naver.com/sy0101a,1,1,20260319,,,이어폰 추천
341,튜잉,studemt18,https://blog.naver.com/studemt18,1,1,20260319,,,노이즈캔슬링 이어폰
342,新綠,jwoong2_2,https://blog.naver.com/jwoong2_2,1,1,20260318,,,이어폰 비교
343,오브제 하우스 | 장과장,dlsgur3021,https://blog.naver.com/dlsgur3021,1,1,20260317,,,헤드폰 추천
344,만두피-셜,312350_,https://blog.naver.com/312350_,1,1,20260317,,,게이밍 헤드셋
345,무비파일러 Moviefiler,musicfiler,https://blog.naver.com/musicfiler,1,1,20260317,,,바이닐 입문
346,취미 부자 윤또삐의 일상 기록,yun_ttoppi,https://blog.naver.com/yun_ttoppi,1,1,20260314,,,블루투스 스피커
347,AV홀릭 홈시어터 하이파이 오디오,lhy8112,https://blog.naver.com/lhy8112,1,1,20260313,,,포노앰프
348,다온라온의 기록장,star_3369,https://blog.naver.com/star_3369,1,1,20260312,,,무선이어폰
349,굼숭이의 하루,jang_0129,https://blog.naver.com/jang_0129,1,1,20260311,,,게이밍 헤드셋
350,Wherever you go,qls927,https://blog.naver.com/qls927,1,1,20260310,,,LP 턴테이블
351,스파이크의 무한 잡설 공간,ps3player,https://blog.naver.com/ps3player,1,1,20260309,,,게이밍 헤드셋
352,삐니네 가족의 맛있는 일상,wlj86,https://blog.naver.com/wlj86,1,1,20260307,,,헤드폰 추천
353,찐친부부의 ITip,rywls92,https://blog.naver.com/rywls92,1,1,20260307,,,게이밍 헤드셋
354,FUNTYKR : IT의 즐거움,funtykr,https://blog.naver.com/funtykr,1,1,20260306,,,갤럭시 버즈
355,"투명한 기록, 일상이야기",dolphinjun_h,https://blog.naver.com/dolphinjun_h,1,1,20260306,,,게이밍 헤드셋
356,평범한 20대 남자의 리얼 라이프 ( ˶ˆ⤙ˆ˵ ),zrwann_e,https://blog.naver.com/zrwann_e,1,1,20260306,,,가성비 이어폰
357,LifetimeTune님의 음악블로그,lifetimetune,https://blog.naver.com/lifetimetune,1,1,20260306,,,바이닐 입문
358,IT테크사운드 - Nangcho,nangchoaudioit,https://blog.naver.com/nangchoaudioit,1,1,20260305,,,이어폰 리뷰
359,10년차 주부의 생활로그,dlwngus1018,https://blog.naver.com/dlwngus1018,1,1,20260304,,,이어폰 청소 방법
360,제이부부의 미식여행,itsdodoum,https://blog.naver.com/itsdodoum,1,1,20260304,,,바이닐 입문
361,수다밭,yeol238,https://blog.naver.com/yeol238,1,1,20260304,,,포노앰프
362,진진의 살림 한 걸음,parksj5282,https://blog.naver.com/parksj5282,1,1,20260301,,,이어폰 청소 방법
363,일상채집가,lemonbebe,https://blog.naver.com/lemonbebe,1,1,20260227,,,이어폰 리뷰
364,에지드,edgedblog,https://blog.naver.com/edgedblog,1,1,20260227,,,포노앰프
365,변검,ddihw,https://blog.naver.com/ddihw,1,1,20260226,,,갤럭시 버즈
366,dadacci의 먹고 사는 일상,maymg0526,https://blog.naver.com/maymg0526,1,1,20260221,,,이어폰 비교
367,★ 무지개의 달콤한 세상 ★,ckwldud1,https://blog.naver.com/ckwldud1,1,1,20260210,,,바이닐 입문
368,마이페이보릿페이지,ginyung0706,https://blog.naver.com/ginyung0706,1,1,20260207,,,바이닐 입문
369,Ri_MADE,ri1030,https://blog.naver.com/ri1030,1,1,20260206,,,무선이어폰
370,영이의 일상 ♥,kimche9392,https://blog.naver.com/kimche9392,1,1,20260206,,,에어팟 후기
371,리버네트워크,river_network,https://blog.naver.com/river_network,1,1,20260127,,,음향기기
372,오늘 뭐했지?,syur997,https://blog.naver.com/syur997,1,1,20260125,,,LP 턴테이블
373,팅이의 일상,luckyae13,https://blog.naver.com/luckyae13,1,1,20260121,,,에어팟 후기
374,토토리의 블로그,wngodls2572,https://blog.naver.com/wngodls2572,1,1,20260115,,,이어폰 추천
375,또또의 패션 뷰티,daisy_717,https://blog.naver.com/daisy_717,1,1,20260113,,,블루투스 스피커
376,마이영수증.zip,receipt_zip,https://blog.naver.com/receipt_zip,1,1,20260112,,,이어폰 비교
377,여행하는 민솔로그,minsol_blog,https://blog.naver.com/minsol_blog,1,1,20260111,,,에어팟 후기
