키워드,순번,상위권 제목,글자수,유형,키워드위치
노이즈캔슬링 원리,1,"에어팟 4세대 ANC, 노이즈 캔슬링 정말 될까? (러닝 필수, 프로2/3세대 ....",48,기타,미포함
노이즈캔슬링 원리,2,"노이즈캔슬링 무선이어폰 비교, 귓구멍 통증 없이 정착한 솔직 후기",36,상업형,미포함
노이즈캔슬링 원리,3,노이즈 캔슬링 헤드폰 고를 때 꼭 알아두어야 할 점들,29,기타,미포함
노이즈캔슬링 원리,4,노이즈캔슬링 헤드폰 고를 때 후회 없는 기준 세 가지,29,기타,미포함
노이즈캔슬링 원리,5,노이즈 캔슬링 헤드폰 고를 때 꼭 알아두어야 할 점들,29,기타,미포함
노이즈캔슬링 원리,6,지하철 소음에서 해방되는 법 KONLI T12 노이즈 캔슬링 이어폰 사용기,41,기타,미포함
노이즈캔슬링 원리,7,카공족을 위한 필수 아이템 노이즈 캔슬링 헤드셋 선택 팁,31,기타,미포함
노이즈캔슬링 원리,8,에어팟 프로 3세대 업데이트된 노이즈 캔슬링 변화,27,뉴스형,미포함
노이즈캔슬링 원리,9,조용한 몰입의 방을 선물하는 교육 인프라 노이즈 캔슬링 활용법,34,기타,미포함
노이즈캔슬링 원리,10,블라우풍트 블루투스헤드셋 BLP BH251 노이즈캔슬링과 멀티페어링 활....,43,기타,미포함
노이즈캔슬링 원리,11,"갤럭시 버즈2 프로 노이즈 캔슬링, 정말 효과 좋을까? (지하철, 카페 ....",44,기타,미포함
노이즈캔슬링 원리,12,아이리버 노이즈 캔슬링 마이크 레이보우 LED USB 게이밍 헤드셋의 구....,44,기타,미포함
노이즈캔슬링 원리,13,갤럭시 버즈4 프로 무선 이어폰 스펙 및 AI 노이즈 캔슬링 정리,36,뉴스형,미포함
노이즈캔슬링 원리,14,노이즈캔슬링 출·퇴근길 필수템,16,기타,미포함
노이즈캔슬링 원리,15,노이즈 캔슬링 이어폰 구매 전 확인해야 할 핵심 기술 3가지와 선택 ....,42,상업형,미포함
노이즈캔슬링 원리,16,"무선이어폰 노이즈캔슬링, 비행기 이착륙 먹먹함까지 잡아주진 않....",38,기타,미포함
노이즈캔슬링 원리,17,"마석보청기 노이즈 캔슬링 이어폰, 내 귀에 미치는 영향은",31,기타,미포함
노이즈캔슬링 원리,18,무선 이어폰 노이즈 캔슬링 자주 쓸 때 귀 피로감 줄이는 습관,34,기타,미포함
노이즈캔슬링 원리,19,노이즈 캔슬링 나만의 닥터 3월 6일 매일 돈 버는 건강퀴즈,33,정보형,미포함
노이즈캔슬링 원리,20,에어팟 프로 3세대 노이즈캔슬링 기능과 실생활 활용 팁,30,기타,미포함
노이즈캔슬링 원리,21,"에어팟 4세대 리뷰, 오픈형 노이즈 캔슬링 성능은 어느 수준일까?",36,상업형,미포함
노이즈캔슬링 원리,22,"에어팟 4세대 리뷰, 오픈형 노이즈 캔슬링 성능은 어느 수준일까?",36,상업형,미포함
노이즈캔슬링 원리,23,신랑 코골이 귀마개 추천｜에어팟 노이즈캔슬링 청력 괜찮을까?,33,상업형,미포함
노이즈캔슬링 원리,24,"저마다 우주 라디오 방송 송출 중, 투명 다이아몬드 노이즈 캔슬링",36,기타,미포함
노이즈캔슬링 원리,25,무선 이어폰 추천 블루투스 노이즈 캔슬링 보스 기술이 적용된 Noise ....,44,상업형,미포함
노이즈캔슬링 원리,26,마타스튜디오 에어튠 블루투스 이어폰 커널형 ANC 노이즈캔슬링 숨....,40,기타,미포함
노이즈캔슬링 원리,27,HTC NE56 - 경량형 풀 노이즈 캔슬링 오버이어 클립 무선 헤드셋,39,기타,미포함
노이즈캔슬링 원리,28,노이즈캔슬링 뜻 일반 이어폰과 차이점 및 원리 이해하기,30,정보형,앞부분
노이즈캔슬링 원리,29,노이즈캔슬링 귀 먹먹함 이압 줄이는 7가지 팁,25,기타,미포함
노이즈캔슬링 원리,30,삼성 갤럭시 버즈4 프로 SM-R640 화이트 선택 기준과 실생활 체감 성능....,46,기타,미포함
노이즈캔슬링 원리,31,"낡은 전자 기기, 새 것처럼! CRC 접점 부활제로 해결",31,정보형,미포함
노이즈캔슬링 원리,32,[AI 무기] 태양 광학 레이저 vs 달빛 스텔스: 헤파이스토스의 신화 속 ....,46,기타,미포함
노이즈캔슬링 원리,33,린클 이지 음식물처리기 미생물 음식물 쓰레기 분쇄기 Reencle Easy 스....,47,기타,미포함
노이즈캔슬링 원리,34,자율이라는 이름으로 포장된 가장 완벽한 족쇄,24,기타,미포함
노이즈캔슬링 원리,35,스피커를 활용한 파동의 보강 상쇄 간섭 실험(영의 간섭실험) 및 프....,41,기타,미포함
노이즈캔슬링 원리,36,애플 에어팟 프로3 블루투스 이어폰을 추천하고 싶은 이유 :: 양테크,38,상업형,미포함
노이즈캔슬링 원리,37,"""갤럭시 버즈4 vs 프로, 고민 끝! 20% 할인받고 똑똑하게 구매하는 필....",46,상업형,미포함
노이즈캔슬링 원리,38,노이즈 캔슬링 이어폰의 귀 건강 보호 효과와 올바른 활용 방법,34,정보형,미포함
노이즈캔슬링 원리,39,노이즈캔슬링 수면용 귀마개 DEXTEX 프리미엄 귀마개 후기,33,상업형,미포함
노이즈캔슬링 원리,40,노이즈 캔슬링 이어폰은 어떻게 소음을 없앨까?,25,기타,미포함
이어폰 청소 방법,1,스마트폰 통화 소리가 작게 들릴 때 조치 방법,25,정보형,미포함
이어폰 청소 방법,2,@귓병의 치료 방법 총정리 외이도염 중이염 이명 증상별 대처법,34,정보형,미포함
이어폰 청소 방법,3,4k 빔 프로젝터 추천 및 렌탈 방법 | 가정용 | 구매가이드 | 티비 | 설....,47,상업형,미포함
이어폰 청소 방법,4,인생샷 보장! 후지필름 인스탁스 미니로 추억을 Instanx,33,기타,미포함
이어폰 청소 방법,5,캠핑족 필수템! 훈제 훈연 바베큐 그릴로 낭만적인 야외 파티를,34,기타,미포함
이어폰 청소 방법,6,"사무실, 캠핑 어디든 OK! 충전식 미니 선풍기 써큘레이터",32,기타,미포함
이어폰 청소 방법,7,알리익스프레스 가성비 제품 추천 10선 (후회 없는 구매 가이드),36,상업형,미포함
이어폰 청소 방법,8,쿠잉 침구청소기 헤파필터 BVC-300WH: 깨끗한 잠자리의 비밀,36,정보형,미포함
이어폰 청소 방법,9,144개 언어 실시간 통역! 클립형 AI 이어폰 써보니 신세계,34,기타,미포함
이어폰 청소 방법,10,귀에 넣는 건데 청소 안하나요 무선이어폰 청소법,26,정보형,미포함
이어폰 청소 방법,11,이어폰 청소 도구 구매 전 확인해야 할 포인트와 추천 키트,32,상업형,미포함
이어폰 청소 방법,12,마스크 재활용 방법 총정리 주방 청소 정리까지,25,정보형,미포함
이어폰 청소 방법,13,이어폰 소리 작음 해결 방법 내돈내산으로 확실히 고친 후기,32,상업형,미포함
이어폰 청소 방법,14,"지금까지 구매한 테무 템 (헤드셋,반려동물 발도장,이어폰 청소기,....",40,상업형,미포함
이어폰 청소 방법,15,귀청소기 추천 제품보다 중요한 올바른 귀 청소기 방법 알아보기,34,상업형,미포함
이어폰 청소 방법,16,블루투스 이어폰 연결이 안됨 해결 방법 베테랑 반장의 담담한 위로,36,정보형,미포함
이어폰 청소 방법,17,갤럭시 소리 안남 해결방법 총정리,18,정보형,미포함
이어폰 청소 방법,18,쪽 이어폰 안 들릴 때 5분 만에 해결하는 방법 (아이폰·갤럭시 사용....,42,정보형,미포함
이어폰 청소 방법,19,아이폰 이어폰 관리요령 오래오래 깨끗하게 쓰는 간단한 방법,32,정보형,미포함
이어폰 청소 방법,20,블루투스 이어폰 소리가 한쪽만 작게 들릴 때 해결방법,29,정보형,미포함
이어폰 청소 방법,21,블루투스 이어폰 재연결 방법과 문제 해결 핵심 가이드,29,정보형,미포함
이어폰 청소 방법,22,블루투스 이어폰의 케이스 힌지 쇳가루 10초 만에 제거하는 방법,35,정보형,미포함
이어폰 청소 방법,23,"버즈 이어폰, 잃어버리셨나요? 찾는 방법 알아보기",27,정보형,미포함
이어폰 청소 방법,24,배터리 빨리 닳는 문제 무선 이어폰 소니WF1000XM3 현명하게 관리하는 ....,46,정보형,미포함
이어폰 청소 방법,25,"매일 듣는 이어폰, 귀 건강 망치는 지름길? 충격적인 진실과 귀 건강....",42,정보형,미포함
이어폰 청소 방법,26,"여름 이어폰 땀 관리 꿀팁, 쾌적한 사용법",23,정보형,미포함
이어폰 청소 방법,27,"무선 이어폰 한쪽 안들릴때 조치, 간단하게 해결하는 방법은?",33,정보형,미포함
이어폰 청소 방법,28,이어폰 한쪽만 들릴때 : 한쪽 안들림 해결 방법,26,정보형,미포함
이어폰 청소 방법,29,무선 이어폰 연결 문제 해결 가이드 한 번에 연결되는 확실한 방법,36,정보형,미포함
이어폰 청소 방법,30,블루투스 이어폰 한쪽 안 들릴 때 집에서 해결하는 방법,30,정보형,미포함
이어폰 청소 방법,31,대구남구보청기 난청 예방을 위한 올바른 이어폰 사용법,29,정보형,미포함
이어폰 청소 방법,32,드리미 로봇청소기 제대로 고르는 방법과 활용 팁,26,정보형,미포함
이어폰 청소 방법,33,면봉 없이 귀 청소하는 방법,15,정보형,미포함
이어폰 청소 방법,34,이어폰을 정기적으로 청소하는 것이 좋은 이유,24,정보형,미포함
이어폰 청소 방법,35,무선 블루투스 이어폰 한쪽 안 들림 해결 방법 및 초기화 페어링 설....,41,정보형,미포함
이어폰 청소 방법,36,"갤럭시 버즈 , 블루투스 이어폰 안 들림 및 연결 오류 해결 방법 총....",42,정보형,미포함
이어폰 청소 방법,37,"""이건 진짜 몰랐네"" 무선이어폰 코덱이 중요한 이유, 음질 차이 체감....",42,정보형,미포함
이어폰 청소 방법,38,스마트제조연구조합 강성주 이사장 '2026년 CES' 참가기_2,35,기타,미포함
이어폰 청소 방법,39,[리뷰] TOZO OpenRhyme 귀찌 무선 이어폰 후기,32,상업형,미포함
이어폰 청소 방법,40,아이 물놀이 후 귀 관리 방법과 체크리스트 5가지 총정리,31,정보형,미포함
LP 보관 방법,1,정보 사바레즈 클래식 기타줄 500CR 500CJ 500AR 500AJ 벌크 세트 혜택,48,기타,미포함
LP 보관 방법,2,내 책상을 광고판으로! 높이조절 탁상용 배너 스탠드,28,기타,미포함
LP 보관 방법,3,정보 사바레즈 클래식 기타줄 500CR 500CJ 500AR 500AJ 벌크 세트 혜택,48,기타,미포함
LP 보관 방법,4,내 책상을 광고판으로! 높이조절 탁상용 배너 스탠드,28,기타,미포함
LP 보관 방법,5,정보 사바레즈 클래식 기타줄 500CR 500CJ 500AR 500AJ 벌크 세트 혜택,48,기타,미포함
LP 보관 방법,6,내 책상을 광고판으로! 높이조절 탁상용 배너 스탠드,28,기타,미포함
LP 보관 방법,7,LP 시간을 달리는 소녀 오리지널 사운드 트랙 OST 음반 선택 기준과 ....,44,기타,미포함
LP 보관 방법,8,"[형사 판결문] 서울중앙지방법원 2025고합129, 2024고합1522(병합), 2025고....",54,정보형,미포함
LP 보관 방법,9,정보 사바레즈 클래식 기타줄 500CR 500CJ 500AR 500AJ 벌크 세트 혜택,48,기타,미포함
LP 보관 방법,10,내 책상을 광고판으로! 높이조절 탁상용 배너 스탠드,28,기타,미포함
LP 보관 방법,11,"제주 협재 감성 숙소, 호텔 콘스트 협재 내돈내산 후기",30,상업형,미포함
LP 보관 방법,12,믿고사는 캐논 정품 파워샷 PowerShot V1 하이엔드 카메라 TJ 순위별 가....,49,기타,미포함
LP 보관 방법,13,후기 CD-R MUR80FX20D1-B 미츠비시 케미컬 미디어 음악용 80분 20장 5㎜ 플....,55,상업형,미포함
LP 보관 방법,14,거실 스피커 거치대 추천 | 라뜰리에드보아 Oho LP랙 2단 수납장 단독 ....,46,상업형,미포함
LP 보관 방법,15,2026년 소상공인 LPG가스시설 개선사업 지원 신청 안내(전액 무료) - ....,46,기타,미포함
LP 보관 방법,16,정보 사바레즈 클래식 기타줄 500CR 500CJ 500AR 500AJ 벌크 세트 혜택,48,기타,미포함
LP 보관 방법,17,내 책상을 광고판으로! 높이조절 탁상용 배너 스탠드,28,기타,미포함
LP 보관 방법,18,산림기사필답 핵심 기출 330선,17,기타,미포함
LP 보관 방법,19,혹한기 캠핑 필수템! USB 발열 난방 침낭 & 전기매트로 따뜻하게,37,정보형,미포함
LP 보관 방법,20,코스트코 오디오테크니카 AT-LP60X 턴테이블 입문용 LP 플레이어로 많....,45,상업형,미포함
LP 보관 방법,21,정보 사바레즈 클래식 기타줄 500CR 500CJ 500AR 500AJ 벌크 세트 혜택,48,기타,미포함
LP 보관 방법,22,내 책상을 광고판으로! 높이조절 탁상용 배너 스탠드,28,기타,미포함
LP 보관 방법,23,lp 수납장 ｜ 어떻게 보관함? 똑똑한 보관법!,26,정보형,미포함
LP 보관 방법,24,무지개 스폰지밥 열쇠고리: 에어팟을 더욱 특별하게 만들어줄 마법,35,기타,미포함
LP 보관 방법,25,정보 대명 국내산 삼성 무풍큐브 AX106A9970GD 필터 CFX-H170D 할인,46,기타,미포함
LP 보관 방법,26,전문가의 선택! 감마+ 사이보그 무선 헤어 클리퍼 리뷰,30,상업형,미포함
LP 보관 방법,27,"120Hz 4K 울트라샤프 모니터, U2725QE로 보는 차원이 다른 선명함",42,기타,미포함
LP 보관 방법,28,초고속 데이터 전송! 외장하드 리더기로 SSD 속도 UP!,32,기타,미포함
LP 보관 방법,29,순위 캐논 LP-E19 배터리 특가,19,기타,미포함
LP 보관 방법,30,추천 데스크탑 PC 전면 패널 도킹 스테이션 VL820 TYPE C A 2A2C USB 3 1 허....,58,상업형,미포함
LP 보관 방법,31,정보 사바레즈 클래식 기타줄 500CR 500CJ 500AR 500AJ 벌크 세트 혜택,48,기타,미포함
LP 보관 방법,32,내 책상을 광고판으로! 높이조절 탁상용 배너 스탠드,28,기타,미포함
LP 보관 방법,33,"2026년 2월 서울 가볼만한곳, 추위 걱정 없는 실내 위주로",34,기타,미포함
LP 보관 방법,34,아기랑 경남 사천 여행 감성 숙소 오느레맨션 펜션 자쿠지스파빌,34,기타,미포함
LP 보관 방법,35,2026.06  뭐든 내맘같지는 않더라,21,기타,미포함
LP 보관 방법,36,"신월음악도서관 주차 및 이용방법, 7000장의 CD와 LP, 턴테이블이 있는....",46,정보형,미포함
LP 보관 방법,37,아이랑 실내 복합문화공간 울산 종갓집도서관 주차 휴무 이용방법,34,정보형,미포함
LP 보관 방법,38,경주 여성전용 게스트하우스 그날의 경주 혼자여행 숙소 추천 짐보....,39,상업형,미포함
LP 보관 방법,39,대구 대명동 대구도서관 최대규모 책 찾는 방법 대구가볼만한곳,33,정보형,미포함
LP 보관 방법,40,정보 사바레즈 클래식 기타줄 500CR 500CJ 500AR 500AJ 벌크 세트 혜택,48,기타,미포함
