검색어,이번 순위,지난 순위,변화,상태,경쟁 문서수,내 글 제목,지난 회차
에어팟 프로3 초기화,53,-,,새로 진입,7763,"애플 에어팟 프로 3, 심박수 측정 기능이 포함될 예정? (+ 파워비츠 ....",2026-08-24 14:12
갤럭시 Z 폴드8,미노출,-,,계속 미노출,138319,,2026-08-24 14:12
갤럭시 Z 플립8,미노출,-,,계속 미노출,119171,,2026-08-24 14:12
갤럭시 언팩 2026,미노출,-,,계속 미노출,20793,,2026-08-24 14:12
갤럭시 워치9,미노출,-,,계속 미노출,99955,,2026-08-24 14:12
아이폰 18 프로,미노출,-,,계속 미노출,105503,,2026-08-24 14:12
폴더블 아이폰,미노출,-,,계속 미노출,115714,,2026-08-24 14:12
애플 인텔리전스,미노출,-,,계속 미노출,46133,,2026-08-24 14:12
iOS 27,미노출,-,,계속 미노출,44933,,2026-08-24 14:12
WWDC 2026,미노출,-,,계속 미노출,6487,,2026-08-24 14:12
맥북 에어 M5,미노출,-,,계속 미노출,15409,,2026-08-24 14:12
듀얼심 통화 분리,미노출,-,,계속 미노출,2440,,2026-08-24 14:12
아이폰 배터리 성능 저하,미노출,-,,계속 미노출,44609,,2026-08-24 14:12
스마트폰 발열 원인,미노출,-,,계속 미노출,46016,,2026-08-24 14:12
충전 배터리 오래 쓰는 법,미노출,-,,계속 미노출,175580,,2026-08-24 14:12
갤럭시 배터리 관리,미노출,-,,계속 미노출,237300,,2026-08-24 14:12
고속충전 원리,미노출,-,,계속 미노출,29458,,2026-08-24 14:12
100 충전 안좋은 이유,미노출,-,,계속 미노출,376593,,2026-08-24 14:12
배터리 교체 시기,미노출,-,,계속 미노출,311514,,2026-08-24 14:12
무선충전 단점,미노출,-,,계속 미노출,366341,,2026-08-24 14:12
이어폰 청소 방법,미노출,-,,계속 미노출,40602,,2026-08-24 14:12
블루투스 이어폰 끊김 원인,미노출,-,,계속 미노출,4427,,2026-08-24 14:12
이어폰 한쪽만 소리 안날 때,미노출,-,,계속 미노출,39876,,2026-08-24 14:12
에어팟 배터리 빨리 닳음,미노출,-,,계속 미노출,5751,,2026-08-24 14:12
이어폰 볼륨 작을 때,미노출,-,,계속 미노출,85785,,2026-08-24 14:12
블루투스 연결 안될 때,미노출,-,,계속 미노출,149253,,2026-08-24 14:12
이어팁 사이즈 고르는 법,미노출,-,,계속 미노출,9826,,2026-08-24 14:12
헤드폰 귀 아픈 이유,미노출,-,,계속 미노출,15410,,2026-08-24 14:12
이어폰 수명,미노출,-,,계속 미노출,110281,,2026-08-24 14:12
이어폰 임피던스 뜻,미노출,-,,계속 미노출,1276,,2026-08-24 14:12
블루투스 코덱 종류,미노출,-,,계속 미노출,5843,,2026-08-24 14:12
노이즈캔슬링 원리,미노출,100,,이탈,6802,,2026-08-24 14:12
무손실 음원이란,미노출,91,,이탈,20236,,2026-08-24 14:12
하이레스 오디오란,미노출,-,,계속 미노출,785,,2026-08-24 14:12
공간음향 원리,미노출,-,,계속 미노출,25185,,2026-08-24 14:12
멀티포인트 뜻,미노출,-,,계속 미노출,48761,,2026-08-24 14:12
이퀄라이저 설정 방법,미노출,-,,계속 미노출,16309,,2026-08-24 14:12
돌비 애트모스란,미노출,-,,계속 미노출,73452,,2026-08-24 14:12
공장초기화 방법,미노출,-,,계속 미노출,295313,,2026-08-24 14:12
스마트폰 느려지는 이유,미노출,-,,계속 미노출,89734,,2026-08-24 14:12
아이폰 저장공간 부족,미노출,-,,계속 미노출,57159,,2026-08-24 14:12
갤럭시 저장공간 정리,미노출,-,,계속 미노출,115343,,2026-08-24 14:12
캐시 삭제 방법,미노출,-,,계속 미노출,112097,,2026-08-24 14:12
와이파이 느린 이유,미노출,-,,계속 미노출,65807,,2026-08-24 14:12
OLED LCD 차이,미노출,-,,계속 미노출,31078,,2026-08-24 14:12
번인 현상 원인,미노출,-,,계속 미노출,1782,,2026-08-24 14:12
이어폰 귀 건강,미노출,-,,계속 미노출,135372,,2026-08-24 14:12
이어폰 적정 볼륨,미노출,-,,계속 미노출,5009,,2026-08-24 14:12
노이즈캔슬링 부작용,미노출,-,,계속 미노출,1785,,2026-08-24 14:12
조리개 뜻,미노출,-,,계속 미노출,18956,,2026-08-24 14:12
셔터스피드 뜻,미노출,-,,계속 미노출,8244,,2026-08-24 14:12
ISO 뜻,미노출,-,,계속 미노출,54238,,2026-08-24 14:12
크롭바디 풀프레임 차이,미노출,-,,계속 미노출,10224,,2026-08-24 14:12
미러리스 DSLR 차이,미노출,-,,계속 미노출,31759,,2026-08-24 14:12
단렌즈 줌렌즈 차이,미노출,-,,계속 미노출,12822,,2026-08-24 14:12
RAW JPEG 차이,미노출,-,,계속 미노출,4686,,2026-08-24 14:12
화이트밸런스 설정,미노출,-,,계속 미노출,63134,,2026-08-24 14:12
렌즈 곰팡이 제거,미노출,-,,계속 미노출,16339,,2026-08-24 14:12
LP 보관 방법,미노출,-,,계속 미노출,48501,,2026-08-24 14:12
LP 세척 방법,미노출,-,,계속 미노출,3141,,2026-08-24 14:12
LP 바늘 교체 시기,미노출,-,,계속 미노출,373,,2026-08-24 14:12
LP 잡음 원인,미노출,33,,이탈,1001,,2026-08-24 14:12
LP 튀는 이유,미노출,-,,계속 미노출,7571,,2026-08-24 14:12
바이닐 음질 좋은 이유,미노출,-,,계속 미노출,1477,,2026-08-24 14:12
LP 33 45 차이,미노출,-,,계속 미노출,2380,,2026-08-24 14:12
턴테이블 수평 맞추기,미노출,-,,계속 미노출,3261,,2026-08-24 14:12
LP 정전기 제거,미노출,-,,계속 미노출,1114,,2026-08-24 14:12
